State,County,c0
AK,Aleutians West,35
AK,Anchorage,284
AK,Bristol Bay,1
AK,Fairbanks North Star,29
AK,Juneau,2
AK,Kenai Peninsula,15
AK,Ketchikan Gateway,0
AK,Kodiak Island,0
AK,Lake And Peninsula,105
AK,Matanuska Susitna,81
AK,Sitka,0
AK,Southeast Fairbanks,35
AK,Valdez Cordova,0
AL,Autauga,53
AL,Baldwin,168
AL,Barbour,3
AL,Bibb,24
AL,Blount,35
AL,Bullock,1
AL,Butler,6
AL,Calhoun,120
AL,Chambers,2
AL,Cherokee,60
AL,Chilton,49
AL,Choctaw,5
AL,Clarke,0
AL,Clay,9
AL,Cleburne,13
AL,Coffee,51
AL,Colbert,30
AL,Conecuh,0
AL,Coosa,0
AL,Covington,5
AL,Cullman,64
AL,Dale,6
AL,Dallas,42
AL,De Kalb,42
AL,Elmore,28
AL,Escambia,9
AL,Etowah,143
AL,Fayette,0
AL,Franklin,9
AL,Geneva,1
AL,Hale,9
AL,Henry,0
AL,Houston,86
AL,Jackson,21
AL,Jefferson,701
AL,Lamar,10
AL,Lauderdale,95
AL,Lawrence,1
AL,Lee,37
AL,Limestone,87
AL,Lowndes,6
AL,Macon,24
AL,Madison,279
AL,Marengo,1
AL,Marion,8
AL,Marshall,83
AL,Mobile,309
AL,Monroe,1
AL,Montgomery,148
AL,Morgan,83
AL,Perry,2
AL,Pickens,4
AL,Pike,3
AL,Randolph,1
AL,Russell,20
AL,Saint Clair,42
AL,Shelby,135
AL,Talladega,86
AL,Tallapoosa,48
AL,Tuscaloosa,91
AL,Walker,28
AL,Wilcox,1
AL,Winston,4
AR,Arkansas,16
AR,Ashley,6
AR,Baxter,33
AR,Benton,133
AR,Boone,4
AR,Bradley,3
AR,Calhoun,1
AR,Carroll,0
AR,Chicot,5
AR,Clark,4
AR,Clay,5
AR,Cleburne,2
AR,Columbia,0
AR,Conway,5
AR,Craighead,119
AR,Crawford,39
AR,Crittenden,70
AR,Cross,10
AR,Dallas,3
AR,Desha,8
AR,Drew,5
AR,Faulkner,95
AR,Franklin,3
AR,Fulton,2
AR,Garland,87
AR,Grant,39
AR,Greene,21
AR,Hempstead,2
AR,Hot Spring,9
AR,Howard,0
AR,Independence,14
AR,Izard,3
AR,Jackson,1
AR,Jefferson,39
AR,Johnson,3
AR,Lawrence,4
AR,Lee,3
AR,Lincoln,5
AR,Little River,3
AR,Logan,8
AR,Lonoke,78
AR,Madison,8
AR,Marion,9
AR,Miller,7
AR,Mississippi,30
AR,Monroe,35
AR,Montgomery,9
AR,Nevada,1
AR,Newton,7
AR,Ouachita,5
AR,Perry,1
AR,Phillips,14
AR,Poinsett,26
AR,Polk,8
AR,Pope,49
AR,Prairie,8
AR,Pulaski,468
AR,Randolph,4
AR,Saint Francis,3
AR,Saline,116
AR,Sebastian,117
AR,Sevier,0
AR,Sharp,29
AR,Stone,0
AR,Union,4
AR,Van Buren,11
AR,Washington,179
AR,White,80
AR,Woodruff,2
AR,Yell,2
AZ,Apache,6
AZ,Cochise,117
AZ,Coconino,110
AZ,Gila,82
AZ,Graham,10
AZ,Greenlee,2
AZ,La Paz,4
AZ,Maricopa,"8,565"
AZ,Mohave,120
AZ,Navajo,54
AZ,Pima,"1,668"
AZ,Pinal,507
AZ,Santa Cruz,5
AZ,Yavapai,268
AZ,Yuma,116
CA,Alameda,"1,905"
CA,Amador,10
CA,Butte,265
CA,Calaveras,10
CA,Colusa,26
CA,Contra Costa,"1,374"
CA,Del Norte,10
CA,El Dorado,152
CA,Fresno,"1,432"
CA,Glenn,29
CA,Humboldt,35
CA,Imperial,136
CA,Inyo,11
CA,Kern,"1,446"
CA,Kings,206
CA,Lake,17
CA,Lassen,21
CA,Los Angeles,"15,666"
CA,Madera,192
CA,Marin,138
CA,Mariposa,10
CA,Mendocino,39
CA,Merced,303
CA,Modoc,6
CA,Mono,2
CA,Monterey,482
CA,Napa,185
CA,Nevada,58
CA,Orange,"5,853"
CA,Placer,676
CA,Plumas,24
CA,Riverside,"4,264"
CA,Sacramento,"2,607"
CA,San Benito,23
CA,San Bernardino,"3,329"
CA,San Diego,"4,577"
CA,San Francisco,799
CA,San Joaquin,"1,174"
CA,San Luis Obispo,147
CA,San Mateo,654
CA,Santa Barbara,410
CA,Santa Clara,"2,026"
CA,Santa Cruz,230
CA,Shasta,196
CA,Sierra,1
CA,Siskiyou,17
CA,Solano,744
CA,Sonoma,496
CA,Stanislaus,747
CA,Sutter,210
CA,Tehama,38
CA,Trinity,2
CA,Tulare,638
CA,Tuolumne,26
CA,Ventura,"1,189"
CA,Yolo,153
CA,Yuba,14
CO,Adams,804
CO,Alamosa,19
CO,Arapahoe,"1,661"
CO,Archuleta,0
CO,Bent,2
CO,Boulder,696
CO,Broomfield,302
CO,Chaffee,4
CO,Clear Creek,1
CO,Conejos,4
CO,Costilla,2
CO,Custer,0
CO,Delta,11
CO,Denver,"1,439"
CO,Dolores,3
CO,Douglas,652
CO,Eagle,43
CO,El Paso,"1,746"
CO,Elbert,10
CO,Fremont,25
CO,Garfield,22
CO,Gunnison,6
CO,Huerfano,2
CO,Jefferson,"1,541"
CO,Kit Carson,14
CO,La Plata,19
CO,Lake,6
CO,Larimer,637
CO,Las Animas,1
CO,Lincoln,19
CO,Logan,12
CO,Mesa,57
CO,Moffat,0
CO,Montezuma,8
CO,Montrose,21
CO,Morgan,8
CO,Otero,10
CO,Ouray,1
CO,Park,2
CO,Prowers,4
CO,Pueblo,158
CO,Rio Grande,2
CO,Routt,3
CO,Saguache,1
CO,San Miguel,1
CO,Summit,44
CO,Teller,26
CO,Washington,1
CO,Weld,665
CO,Yuma,1
CT,Fairfield,"1,786"
CT,Hartford,"2,222"
CT,Litchfield,320
CT,Middlesex,188
CT,New Haven,"1,556"
CT,New London,313
CT,Tolland,132
CT,Windham,89
DC,District Of Columbia,"1,243"
DE,Kent,22
DE,New Castle,221
DE,Sussex,18
FL,Alachua,243
FL,Baker,0
FL,Bay,60
FL,Bradford,5
FL,Brevard,769
FL,Broward,"3,352"
FL,Calhoun,6
FL,Charlotte,193
FL,Citrus,118
FL,Clay,307
FL,Collier,385
FL,Columbia,55
FL,De Soto,0
FL,Desoto,13
FL,Dixie,0
FL,Duval,"1,758"
FL,Escambia,126
FL,Flagler,238
FL,Franklin,1
FL,Gadsden,6
FL,Gilchrist,3
FL,Glades,0
FL,Gulf,9
FL,Hamilton,0
FL,Hardee,32
FL,Hendry,5
FL,Hernando,296
FL,Highlands,59
FL,Hillsborough,"2,975"
FL,Holmes,5
FL,Indian River,227
FL,Jackson,9
FL,Lake,809
FL,Lee,961
FL,Leon,139
FL,Levy,9
FL,Madison,2
FL,Manatee,701
FL,Marion,552
FL,Martin,275
FL,Miami-Dade,"3,739"
FL,Monroe,96
FL,Nassau,47
FL,Okaloosa,102
FL,Okeechobee,8
FL,Orange,"2,778"
FL,Osceola,786
FL,Palm Beach,"2,463"
FL,Pasco,749
FL,Pinellas,"1,708"
FL,Polk,872
FL,Putnam,18
FL,Saint Johns,438
FL,Saint Lucie,436
FL,Santa Rosa,44
FL,Sarasota,698
FL,Seminole,"1,289"
FL,Sumter,252
FL,Suwannee,4
FL,Taylor,0
FL,Volusia,"1,008"
FL,Wakulla,3
FL,Walton,25
FL,Washington,6
GA,Appling,0
GA,Bacon,5
GA,Baldwin,10
GA,Barrow,14
GA,Bartow,149
GA,Ben Hill,1
GA,Berrien,0
GA,Bibb,101
GA,Bleckley,1
GA,Brantley,3
GA,Brooks,0
GA,Bryan,57
GA,Bulloch,27
GA,Burke,2
GA,Butts,6
GA,Calhoun,0
GA,Camden,10
GA,Carroll,54
GA,Catoosa,13
GA,Charlton,2
GA,Chatham,270
GA,Chattooga,1
GA,Cherokee,477
GA,Clarke,33
GA,Clayton,529
GA,Cobb,"1,689"
GA,Coffee,1
GA,Colquitt,4
GA,Columbia,42
GA,Cook,3
GA,Coweta,98
GA,Crisp,5
GA,Dade,3
GA,Dawson,167
GA,Decatur,1
GA,Dekalb,"1,233"
GA,Dodge,8
GA,Dooly,4
GA,Dougherty,64
GA,Douglas,385
GA,Early,1
GA,Effingham,28
GA,Elbert,1
GA,Emanuel,4
GA,Fannin,12
GA,Fayette,447
GA,Floyd,44
GA,Forsyth,459
GA,Franklin,0
GA,Fulton,"2,114"
GA,Gilmer,3
GA,Glynn,44
GA,Gordon,31
GA,Grady,5
GA,Greene,6
GA,Gwinnett,"2,101"
GA,Habersham,3
GA,Hall,314
GA,Hancock,0
GA,Haralson,4
GA,Harris,9
GA,Hart,4
GA,Henry,682
GA,Houston,35
GA,Irwin,0
GA,Jackson,38
GA,Jasper,1
GA,Jefferson,2
GA,Jenkins,1
GA,Jones,68
GA,Lanier,1
GA,Laurens,4
GA,Liberty,53
GA,Lowndes,46
GA,Lumpkin,3
GA,Madison,1
GA,Marion,1
GA,Mcduffie,4
GA,Meriwether,2
GA,Mitchell,1
GA,Monroe,2
GA,Morgan,15
GA,Murray,0
GA,Muscogee,167
GA,Newton,58
GA,Oconee,31
GA,Paulding,131
GA,Peach,12
GA,Pickens,11
GA,Pierce,1
GA,Pike,2
GA,Polk,5
GA,Pulaski,1
GA,Putnam,0
GA,Richmond,153
GA,Rockdale,257
GA,Seminole,2
GA,Spalding,24
GA,Stephens,1
GA,Stewart,1
GA,Sumter,2
GA,Talbot,9
GA,Telfair,0
GA,Terrell,1
GA,Thomas,0
GA,Tift,2
GA,Toombs,0
GA,Troup,37
GA,Turner,2
GA,Union,2
GA,Upson,0
GA,Walker,4
GA,Walton,83
GA,Ware,14
GA,Warren,0
GA,Washington,0
GA,Wayne,15
GA,White,4
GA,Whitfield,108
GA,Wilcox,2
GA,Wilkes,1
GA,Worth,0
GU,Guam,0
HI,Hawaii,166
HI,Honolulu,873
HI,Kauai,79
HI,Maui,154
IA,Adams,1
IA,Allamakee,0
IA,Appanoose,0
IA,Benton,4
IA,Black Hawk,71
IA,Boone,4
IA,Bremer,6
IA,Buena Vista,0
IA,Butler,1
IA,Carroll,8
IA,Cass,12
IA,Cedar,2
IA,Cerro Gordo,31
IA,Cherokee,1
IA,Chickasaw,0
IA,Clarke,4
IA,Clayton,4
IA,Clinton,16
IA,Crawford,3
IA,Dallas,14
IA,Decatur,6
IA,Des Moines,41
IA,Dickinson,2
IA,Dubuque,54
IA,Emmet,2
IA,Fayette,2
IA,Floyd,1
IA,Franklin,2
IA,Greene,0
IA,Grundy,2
IA,Guthrie,0
IA,Hamilton,0
IA,Hancock,1
IA,Hardin,2
IA,Harrison,23
IA,Henry,9
IA,Howard,2
IA,Ida,2
IA,Iowa,2
IA,Jackson,1
IA,Jasper,1
IA,Jefferson,3
IA,Johnson,55
IA,Jones,3
IA,Keokuk,1
IA,Lee,5
IA,Linn,101
IA,Louisa,5
IA,Lucas,1
IA,Lyon,2
IA,Madison,1
IA,Marion,1
IA,Marshall,35
IA,Mills,6
IA,Mitchell,0
IA,Monroe,4
IA,Montgomery,2
IA,Muscatine,12
IA,Obrien,0
IA,O'Brien,1
IA,Osceola,5
IA,Page,4
IA,Plymouth,0
IA,Polk,330
IA,Pottawattamie,130
IA,Ringgold,0
IA,Sac,2
IA,Scott,122
IA,Shelby,2
IA,Sioux,3
IA,Story,50
IA,Tama,6
IA,Union,1
IA,Van Buren,1
IA,Wapello,8
IA,Warren,9
IA,Washington,0
IA,Wayne,0
IA,Webster,17
IA,Winneshiek,1
IA,Woodbury,60
ID,Ada,279
ID,Adams,3
ID,Bannock,74
ID,Bear Lake,4
ID,Benewah,6
ID,Bingham,34
ID,Blaine,11
ID,Boise,2
ID,Bonner,20
ID,Bonneville,113
ID,Boundary,6
ID,Butte,6
ID,Camas,17
ID,Canyon,107
ID,Caribou,2
ID,Cassia,41
ID,Clearwater,3
ID,Custer,1
ID,Elmore,29
ID,Franklin,10
ID,Fremont,9
ID,Gem,4
ID,Gooding,1
ID,Idaho,5
ID,Jefferson,12
ID,Jerome,20
ID,Kootenai,116
ID,Latah,11
ID,Lemhi,4
ID,Madison,37
ID,Minidoka,6
ID,Nez Perce,16
ID,Oneida,3
ID,Payette,9
ID,Power,5
ID,Shoshone,10
ID,Teton,6
ID,Twin Falls,110
ID,Valley,1
ID,Washington,5
IL,Adams,55
IL,Alexander,19
IL,Bond,2
IL,Boone,15
IL,Bureau,1
IL,Carroll,7
IL,Cass,4
IL,Champaign,234
IL,Christian,1
IL,Clark,9
IL,Clay,2
IL,Clinton,5
IL,Coles,67
IL,Cook,"8,187"
IL,Crawford,1
IL,Cumberland,0
IL,Dekalb,204
IL,Dewitt,6
IL,Douglas,2
IL,Dupage,"1,724"
IL,Edgar,5
IL,Effingham,46
IL,Fayette,12
IL,Ford,11
IL,Franklin,17
IL,Fulton,5
IL,Greene,5
IL,Grundy,28
IL,Hancock,1
IL,Hardin,12
IL,Henderson,14
IL,Henry,10
IL,Iroquois,5
IL,Jackson,184
IL,Jefferson,55
IL,Jersey,6
IL,Jo Daviess,1
IL,Kane,846
IL,Kankakee,215
IL,Kendall,266
IL,Knox,7
IL,La Salle,58
IL,Lake,918
IL,Lawrence,1
IL,Lee,31
IL,Livingston,13
IL,Logan,31
IL,Macon,117
IL,Macoupin,37
IL,Madison,325
IL,Marion,2
IL,Marshall,3
IL,Massac,2
IL,Mcdonough,20
IL,Mchenry,317
IL,Mclean,137
IL,Mercer,5
IL,Monroe,53
IL,Montgomery,27
IL,Morgan,4
IL,Moultrie,1
IL,Ogle,14
IL,Peoria,174
IL,Perry,5
IL,Pike,1
IL,Pope,2
IL,Randolph,3
IL,Richland,1
IL,Rock Island,221
IL,Saint Clair,257
IL,Saline,17
IL,Sangamon,349
IL,Schuyler,4
IL,Scott,1
IL,Stephenson,19
IL,Tazewell,68
IL,Union,2
IL,Vermilion,85
IL,Washington,1
IL,White,10
IL,Whiteside,55
IL,Will,"1,241"
IL,Williamson,105
IL,Winnebago,594
IL,Woodford,6
IN,Allen,309
IN,Bartholomew,96
IN,Benton,2
IN,Blackford,2
IN,Boone,68
IN,Carroll,3
IN,Cass,12
IN,Clark,233
IN,Clay,1
IN,Clinton,21
IN,Crawford,2
IN,Daviess,2
IN,De Kalb,2
IN,Dearborn,23
IN,Decatur,11
IN,Delaware,133
IN,Dubois,0
IN,Elkhart,175
IN,Fayette,2
IN,Floyd,202
IN,Fountain,2
IN,Franklin,1
IN,Fulton,2
IN,Gibson,5
IN,Grant,97
IN,Greene,8
IN,Hamilton,344
IN,Hancock,46
IN,Harrison,41
IN,Hendricks,258
IN,Henry,32
IN,Howard,181
IN,Huntington,5
IN,Jackson,20
IN,Jasper,3
IN,Jay,1
IN,Jefferson,8
IN,Jennings,6
IN,Johnson,237
IN,Knox,38
IN,Kosciusko,49
IN,La Porte,119
IN,Lagrange,1
IN,Lake,533
IN,Lawrence,14
IN,Madison,238
IN,Marion,"1,874"
IN,Marshall,14
IN,Miami,20
IN,Monroe,203
IN,Montgomery,14
IN,Morgan,41
IN,Noble,4
IN,Orange,3
IN,Owen,1
IN,Parke,3
IN,Perry,3
IN,Pike,1
IN,Porter,165
IN,Pulaski,0
IN,Putnam,17
IN,Ripley,3
IN,Rush,1
IN,Scott,7
IN,Shelby,21
IN,St Joseph,329
IN,Starke,5
IN,Steuben,19
IN,Sullivan,6
IN,Tippecanoe,248
IN,Tipton,1
IN,Vanderburgh,169
IN,Vermillion,6
IN,Vigo,158
IN,Wabash,7
IN,Warrick,8
IN,Washington,3
IN,Wayne,111
IN,Wells,9
IN,White,1
IN,Whitley,1
KS,Allen,9
KS,Anderson,4
KS,Atchison,8
KS,Barton,2
KS,Bourbon,5
KS,Brown,1
KS,Butler,7
KS,Chautauqua,5
KS,Cherokee,14
KS,Cheyenne,1
KS,Clay,3
KS,Cloud,2
KS,Coffey,2
KS,Cowley,4
KS,Crawford,27
KS,Decatur,0
KS,Dickinson,4
KS,Doniphan,2
KS,Douglas,30
KS,Ellis,2
KS,Finney,8
KS,Ford,8
KS,Franklin,17
KS,Geary,12
KS,Gove,0
KS,Grant,0
KS,Greenwood,5
KS,Harper,2
KS,Harvey,1
KS,Jackson,0
KS,Jefferson,9
KS,Jewell,0
KS,Johnson,595
KS,Kingman,0
KS,Labette,7
KS,Leavenworth,39
KS,Lincoln,2
KS,Lyon,25
KS,Marion,1
KS,Mcpherson,16
KS,Meade,1
KS,Miami,13
KS,Montgomery,37
KS,Morris,1
KS,Morton,1
KS,Nemaha,2
KS,Neosho,1
KS,Norton,1
KS,Phillips,1
KS,Pottawatomie,6
KS,Pratt,1
KS,Rawlins,4
KS,Reno,13
KS,Republic,1
KS,Rice,3
KS,Riley,30
KS,Rooks,2
KS,Rush,0
KS,Russell,1
KS,Saline,10
KS,Sedgwick,257
KS,Seward,0
KS,Shawnee,61
KS,Sheridan,0
KS,Smith,1
KS,Sumner,4
KS,Wilson,1
KS,Woodson,0
KS,Wyandotte,142
KY,Adair,5
KY,Allen,2
KY,Anderson,8
KY,Barren,14
KY,Bath,5
KY,Bell,28
KY,Boone,193
KY,Bourbon,17
KY,Boyd,43
KY,Boyle,42
KY,Bracken,2
KY,Breathitt,3
KY,Breckinridge,5
KY,Bullitt,149
KY,Butler,12
KY,Caldwell,2
KY,Calloway,7
KY,Campbell,55
KY,Carroll,44
KY,Carter,2
KY,Casey,8
KY,Christian,21
KY,Clark,43
KY,Clay,15
KY,Clinton,5
KY,Cumberland,9
KY,Daviess,21
KY,Edmonson,2
KY,Elliott,2
KY,Estill,27
KY,Fayette,694
KY,Fleming,3
KY,Floyd,34
KY,Franklin,142
KY,Garrard,7
KY,Grant,7
KY,Graves,5
KY,Grayson,4
KY,Green,2
KY,Greenup,7
KY,Hancock,6
KY,Hardin,227
KY,Harlan,8
KY,Harrison,24
KY,Hart,5
KY,Henderson,7
KY,Henry,6
KY,Hickman,0
KY,Hopkins,21
KY,Jackson,19
KY,Jefferson,"1,897"
KY,Jessamine,52
KY,Johnson,6
KY,Kenton,173
KY,Knott,1
KY,Knox,73
KY,Larue,3
KY,Laurel,29
KY,Lawrence,7
KY,Lee,2
KY,Leslie,4
KY,Letcher,7
KY,Lewis,9
KY,Lincoln,9
KY,Logan,12
KY,Lyon,1
KY,Madison,116
KY,Magoffin,15
KY,Marion,5
KY,Marshall,6
KY,Martin,12
KY,Mason,18
KY,Mccracken,31
KY,Mccreary,8
KY,Mclean,1
KY,Meade,4
KY,Menifee,2
KY,Mercer,15
KY,Metcalfe,1
KY,Monroe,3
KY,Montgomery,30
KY,Morgan,2
KY,Muhlenberg,8
KY,Nelson,34
KY,Nicholas,2
KY,Ohio,3
KY,Oldham,136
KY,Owen,3
KY,Owsley,2
KY,Pendleton,5
KY,Perry,21
KY,Pike,36
KY,Powell,3
KY,Pulaski,56
KY,Rockcastle,22
KY,Rowan,37
KY,Russell,10
KY,Scott,106
KY,Shelby,173
KY,Simpson,21
KY,Spencer,10
KY,Taylor,17
KY,Todd,1
KY,Trigg,5
KY,Union,1
KY,Warren,123
KY,Washington,3
KY,Wayne,6
KY,Webster,0
KY,Whitley,32
KY,Woodford,52
LA,Acadia,11
LA,Allen,8
LA,Ascension,85
LA,Assumption,10
LA,Avoyelles,7
LA,Beauregard,18
LA,Bienville,3
LA,Bossier,61
LA,Caddo,169
LA,Calcasieu,91
LA,Catahoula,2
LA,Claiborne,11
LA,Concordia,2
LA,De Soto,1
LA,East Baton Rouge,345
LA,East Feliciana,28
LA,Evangeline,5
LA,Franklin,1
LA,Grant,4
LA,Iberia,25
LA,Iberville,8
LA,Jefferson,561
LA,Jefferson Davis,1
LA,Lafayette,121
LA,Lafourche,61
LA,Lincoln,12
LA,Livingston,124
LA,Madison,3
LA,Morehouse,7
LA,Natchitoches,3
LA,Orleans,326
LA,Ouachita,88
LA,Plaquemines,11
LA,Pointe Coupee,12
LA,Rapides,31
LA,Red River,0
LA,Richland,3
LA,Sabine,12
LA,Saint Bernard,50
LA,Saint Charles,62
LA,Saint Helena,32
LA,Saint James,10
LA,Saint Landry,8
LA,Saint Martin,13
LA,Saint Mary,14
LA,Saint Tammany,336
LA,St John The Baptist,49
LA,Tangipahoa,129
LA,Tensas,1
LA,Terrebonne,61
LA,Union,7
LA,Vermilion,21
LA,Vernon,3
LA,Washington,76
LA,Webster,10
LA,West Baton Rouge,9
LA,West Carroll,5
LA,West Feliciana,1
LA,Winn,8
MA,Barnstable,193
MA,Berkshire,97
MA,Bristol,"1,266"
MA,Dukes,1
MA,Essex,"1,561"
MA,Franklin,123
MA,Hampden,"1,235"
MA,Hampshire,166
MA,Middlesex,"2,960"
MA,Norfolk,"1,442"
MA,Plymouth,773
MA,Suffolk,"2,053"
MA,Worcester,"1,456"
MD,Allegany,46
MD,Anne Arundel,555
MD,Baltimore,874
MD,Baltimore City,734
MD,Calvert,145
MD,Caroline,8
MD,Carroll,215
MD,Cecil,72
MD,Charles,184
MD,Dorchester,12
MD,Frederick,210
MD,Garrett,9
MD,Harford,262
MD,Howard,377
MD,Kent,6
MD,Montgomery,"1,464"
MD,Prince Georges,"1,109"
MD,Queen Annes,36
MD,Saint Marys,96
MD,Somerset,11
MD,Talbot,15
MD,Washington,131
MD,Wicomico,84
MD,Worcester,15
ME,Androscoggin,19
ME,Aroostook,17
ME,Cumberland,87
ME,Franklin,2
ME,Hancock,1
ME,Kennebec,34
ME,Knox,6
ME,Lincoln,2
ME,Oxford,7
ME,Penobscot,32
ME,Piscataquis,0
ME,Sagadahoc,34
ME,Somerset,2
ME,Waldo,0
ME,Washington,4
ME,York,48
MI,Alcona,10
MI,Alger,1
MI,Allegan,100
MI,Alpena,17
MI,Antrim,4
MI,Arenac,8
MI,Baraga,5
MI,Barry,74
MI,Bay,87
MI,Benzie,11
MI,Berrien,72
MI,Branch,58
MI,Calhoun,154
MI,Cass,26
MI,Charlevoix,24
MI,Cheboygan,14
MI,Chippewa,6
MI,Clare,70
MI,Clinton,73
MI,Crawford,1
MI,Delta,2
MI,Dickinson,2
MI,Eaton,97
MI,Emmet,3
MI,Genesee,569
MI,Gladwin,6
MI,Gogebic,8
MI,Grand Traverse,93
MI,Gratiot,7
MI,Hillsdale,68
MI,Houghton,14
MI,Huron,28
MI,Ingham,342
MI,Ionia,71
MI,Iosco,11
MI,Iron,13
MI,Isabella,81
MI,Jackson,121
MI,Kalamazoo,286
MI,Kalkaska,3
MI,Kent,946
MI,Lake,16
MI,Lapeer,53
MI,Leelanau,5
MI,Lenawee,47
MI,Livingston,150
MI,Luce,1
MI,Mackinac,24
MI,Macomb,"1,553"
MI,Manistee,76
MI,Marquette,91
MI,Mason,6
MI,Mecosta,79
MI,Menominee,88
MI,Midland,49
MI,Missaukee,4
MI,Monroe,221
MI,Montcalm,111
MI,Montmorency,23
MI,Muskegon,154
MI,Newaygo,36
MI,Oakland,"2,099"
MI,Oceana,78
MI,Ogemaw,1
MI,Ontonagon,72
MI,Osceola,9
MI,Oscoda,6
MI,Otsego,18
MI,Ottawa,255
MI,Presque Isle,18
MI,Roscommon,75
MI,Saginaw,367
MI,Saint Clair,163
MI,Saint Joseph,126
MI,Sanilac,54
MI,Schoolcraft,2
MI,Shiawassee,31
MI,Tuscola,47
MI,Van Buren,63
MI,Washtenaw,465
MI,Wayne,"2,413"
MI,Wexford,75
MN,Aitkin,6
MN,Anoka,"1,015"
MN,Becker,8
MN,Beltrami,17
MN,Benton,11
MN,Big Stone,1
MN,Blue Earth,53
MN,Brown,1
MN,Carlton,4
MN,Carver,477
MN,Cass,9
MN,Chippewa,2
MN,Chisago,24
MN,Clay,8
MN,Clearwater,2
MN,Cook,0
MN,Cottonwood,4
MN,Crow Wing,35
MN,Dakota,"1,808"
MN,Dodge,1
MN,Douglas,59
MN,Faribault,4
MN,Fillmore,17
MN,Freeborn,8
MN,Goodhue,36
MN,Hennepin,"4,451"
MN,Houston,3
MN,Hubbard,5
MN,Isanti,30
MN,Itasca,11
MN,Jackson,4
MN,Kanabec,10
MN,Kandiyohi,19
MN,Kittson,0
MN,Koochiching,6
MN,Lac Qui Parle,2
MN,Lake,3
MN,Lake Of The Woods,1
MN,Le Sueur,10
MN,Lincoln,1
MN,Lyon,2
MN,Mahnomen,0
MN,Marshall,1
MN,Martin,8
MN,Mcleod,75
MN,Meeker,7
MN,Mille Lacs,24
MN,Morrison,12
MN,Mower,4
MN,Nicollet,3
MN,Nobles,4
MN,Olmsted,296
MN,Otter Tail,9
MN,Pennington,0
MN,Pine,19
MN,Pipestone,0
MN,Polk,2
MN,Pope,1
MN,Ramsey,"1,722"
MN,Redwood,1
MN,Renville,11
MN,Rice,50
MN,Rock,1
MN,Roseau,6
MN,Saint Louis,135
MN,Scott,456
MN,Sherburne,372
MN,Sibley,6
MN,Stearns,119
MN,Steele,98
MN,Stevens,3
MN,Swift,0
MN,Todd,8
MN,Traverse,1
MN,Wabasha,23
MN,Wadena,9
MN,Waseca,10
MN,Washington,"1,136"
MN,Watonwan,3
MN,Winona,29
MN,Wright,337
MN,Yellow Medicine,2
MO,Adair,3
MO,Andrew,5
MO,Atchison,1
MO,Audrain,6
MO,Barry,23
MO,Barton,1
MO,Bates,11
MO,Benton,16
MO,Bollinger,1
MO,Boone,100
MO,Buchanan,61
MO,Butler,23
MO,Caldwell,5
MO,Callaway,7
MO,Camden,19
MO,Cape Girardeau,12
MO,Carroll,9
MO,Carter,2
MO,Cass,83
MO,Cedar,17
MO,Chariton,11
MO,Christian,23
MO,Clark,3
MO,Clay,209
MO,Clinton,8
MO,Cole,23
MO,Cooper,0
MO,Crawford,1
MO,Daviess,1
MO,Dekalb,2
MO,Dent,2
MO,Douglas,5
MO,Dunklin,19
MO,Franklin,85
MO,Greene,173
MO,Grundy,2
MO,Harrison,3
MO,Henry,24
MO,Hickory,0
MO,Holt,2
MO,Howard,3
MO,Howell,3
MO,Iron,3
MO,Jackson,728
MO,Jasper,56
MO,Jefferson,193
MO,Johnson,16
MO,Laclede,14
MO,Lafayette,19
MO,Lawrence,9
MO,Lewis,1
MO,Lincoln,17
MO,Linn,15
MO,Livingston,10
MO,Maries,2
MO,Marion,2
MO,Mcdonald,18
MO,Miller,0
MO,Mississippi,5
MO,Moniteau,6
MO,Montgomery,3
MO,Morgan,10
MO,New Madrid,8
MO,Newton,64
MO,Nodaway,4
MO,Oregon,1
MO,Osage,5
MO,Ozark,6
MO,Pemiscot,5
MO,Perry,5
MO,Pettis,28
MO,Phelps,44
MO,Pike,4
MO,Platte,79
MO,Polk,9
MO,Pulaski,25
MO,Ray,3
MO,Reynolds,18
MO,Saint Charles,525
MO,Saint Clair,19
MO,Saint Francois,39
MO,Saint Louis,996
MO,Saint Louis City,316
MO,Sainte Genevieve,2
MO,Saline,13
MO,Scott,16
MO,Shelby,2
MO,Stoddard,8
MO,Stone,8
MO,Sullivan,1
MO,Taney,16
MO,Texas,7
MO,Vernon,17
MO,Warren,27
MO,Washington,17
MO,Wayne,0
MO,Webster,27
MO,Wright,11
MS,Adams,8
MS,Alcorn,8
MS,Amite,8
MS,Benton,2
MS,Bolivar,11
MS,Calhoun,0
MS,Choctaw,7
MS,Claiborne,3
MS,Clarke,8
MS,Clay,1
MS,Coahoma,26
MS,Copiah,15
MS,Covington,4
MS,Desoto,113
MS,Forrest,12
MS,Franklin,6
MS,George,0
MS,Greene,16
MS,Grenada,11
MS,Hancock,5
MS,Harrison,162
MS,Hinds,223
MS,Holmes,8
MS,Humphreys,8
MS,Itawamba,9
MS,Jackson,51
MS,Jasper,3
MS,Jefferson,6
MS,Jefferson Davis,2
MS,Jones,13
MS,Kemper,5
MS,Lafayette,20
MS,Lamar,58
MS,Lauderdale,47
MS,Lawrence,8
MS,Leake,3
MS,Lee,65
MS,Leflore,3
MS,Lincoln,20
MS,Lowndes,21
MS,Madison,69
MS,Marion,6
MS,Marshall,3
MS,Monroe,9
MS,Neshoba,1
MS,Newton,3
MS,Noxubee,6
MS,Oktibbeha,5
MS,Panola,9
MS,Pearl River,19
MS,Perry,2
MS,Pike,9
MS,Pontotoc,8
MS,Prentiss,3
MS,Rankin,89
MS,Scott,14
MS,Sharkey,3
MS,Simpson,9
MS,Smith,19
MS,Stone,2
MS,Sunflower,4
MS,Tallahatchie,0
MS,Tate,6
MS,Tippah,3
MS,Tishomingo,1
MS,Tunica,2
MS,Union,8
MS,Walthall,0
MS,Warren,19
MS,Washington,13
MS,Wayne,1
MS,Wilkinson,11
MS,Winston,4
MS,Yalobusha,1
MS,Yazoo,29
MT,Beaverhead,10
MT,Big Horn,15
MT,Blaine,4
MT,Broadwater,0
MT,Carbon,4
MT,Cascade,7
MT,Custer,4
MT,Deer Lodge,1
MT,Fergus,0
MT,Flathead,10
MT,Gallatin,19
MT,Glacier,5
MT,Granite,3
MT,Hill,9
MT,Jefferson,2
MT,Lake,6
MT,Lewis And Clark,7
MT,Lincoln,0
MT,Madison,3
MT,Mineral,7
MT,Missoula,38
MT,Musselshell,0
MT,Park,1
MT,Pondera,0
MT,Powell,1
MT,Ravalli,2
MT,Richland,1
MT,Roosevelt,6
MT,Rosebud,2
MT,Sheridan,0
MT,Silver Bow,12
MT,Sweet Grass,12
MT,Teton,2
MT,Toole,3
MT,Wheatland,0
MT,Yellowstone,123
NC,Alamance,126
NC,Alexander,0
NC,Anson,11
NC,Ashe,9
NC,Avery,2
NC,Beaufort,1
NC,Bladen,24
NC,Brunswick,48
NC,Buncombe,80
NC,Burke,3
NC,Cabarrus,109
NC,Caldwell,15
NC,Carteret,2
NC,Caswell,19
NC,Catawba,76
NC,Chatham,194
NC,Clay,0
NC,Cleveland,9
NC,Columbus,7
NC,Craven,26
NC,Cumberland,292
NC,Currituck,3
NC,Dare,1
NC,Davidson,48
NC,Davie,0
NC,Duplin,7
NC,Durham,453
NC,Edgecombe,11
NC,Forsyth,359
NC,Franklin,24
NC,Gaston,178
NC,Granville,15
NC,Greene,14
NC,Guilford,381
NC,Halifax,17
NC,Harnett,542
NC,Haywood,5
NC,Henderson,12
NC,Hertford,6
NC,Hoke,20
NC,Iredell,55
NC,Jackson,10
NC,Johnston,282
NC,Jones,0
NC,Lee,235
NC,Lenoir,7
NC,Lincoln,53
NC,Macon,3
NC,Madison,5
NC,Martin,2
NC,Mcdowell,5
NC,Mecklenburg,954
NC,Mitchell,4
NC,Montgomery,105
NC,Moore,32
NC,Nash,19
NC,New Hanover,120
NC,Northampton,0
NC,Onslow,54
NC,Orange,75
NC,Pamlico,3
NC,Pasquotank,9
NC,Pender,46
NC,Perquimans,0
NC,Person,20
NC,Pitt,78
NC,Polk,1
NC,Randolph,41
NC,Richmond,112
NC,Robeson,9
NC,Rockingham,3
NC,Rowan,46
NC,Rutherford,20
NC,Sampson,134
NC,Scotland,1
NC,Stanly,28
NC,Stokes,2
NC,Surry,28
NC,Transylvania,13
NC,Tyrrell,1
NC,Union,93
NC,Vance,8
NC,Wake,"2,282"
NC,Washington,6
NC,Watauga,4
NC,Wayne,168
NC,Wilkes,2
NC,Wilson,31
NC,Yadkin,1
NC,Yancey,1
ND,Bottineau,0
ND,Bowman,2
ND,Burke,1
ND,Burleigh,5
ND,Cass,25
ND,Dickey,2
ND,Eddy,0
ND,Emmons,0
ND,Foster,0
ND,Grand Forks,16
ND,Hettinger,0
ND,Mcintosh,0
ND,Mckenzie,4
ND,Mclean,7
ND,Mercer,4
ND,Morton,3
ND,Mountrail,3
ND,Oliver,0
ND,Pembina,3
ND,Pierce,2
ND,Ramsey,0
ND,Ransom,3
ND,Richland,5
ND,Rolette,5
ND,Stark,0
ND,Stutsman,1
ND,Traill,0
ND,Walsh,4
ND,Ward,13
ND,Wells,0
ND,Williams,5
NE,Adams,2
NE,Antelope,1
NE,Boone,4
NE,Box Butte,0
NE,Brown,5
NE,Buffalo,6
NE,Burt,1
NE,Butler,2
NE,Cass,5
NE,Cedar,2
NE,Chase,0
NE,Cherry,7
NE,Clay,1
NE,Colfax,1
NE,Cuming,0
NE,Custer,2
NE,Dakota,19
NE,Dawes,4
NE,Dawson,0
NE,Dixon,0
NE,Dodge,30
NE,Douglas,887
NE,Fillmore,2
NE,Furnas,1
NE,Gage,8
NE,Garden,1
NE,Greeley,0
NE,Hall,25
NE,Hamilton,5
NE,Holt,6
NE,Hooker,2
NE,Howard,1
NE,Johnson,2
NE,Kearney,2
NE,Keith,1
NE,Knox,3
NE,Lancaster,191
NE,Lincoln,2
NE,Madison,29
NE,Nance,1
NE,Nemaha,3
NE,Nuckolls,1
NE,Otoe,3
NE,Pawnee,1
NE,Phelps,2
NE,Pierce,0
NE,Platte,21
NE,Red Willow,1
NE,Richardson,1
NE,Rock,1
NE,Saline,4
NE,Sarpy,208
NE,Saunders,7
NE,Scotts Bluff,6
NE,Sheridan,0
NE,Sherman,1
NE,Stanton,0
NE,Thurston,2
NE,Valley,3
NE,Washington,13
NE,Wayne,1
NE,York,10
NH,Belknap,24
NH,Carroll,6
NH,Cheshire,31
NH,Coos,2
NH,Grafton,10
NH,Hillsborough,242
NH,Merrimack,30
NH,Rockingham,142
NH,Strafford,55
NH,Sullivan,2
NJ,Atlantic,452
NJ,Bergen,"1,151"
NJ,Burlington,823
NJ,Camden,911
NJ,Cape May,104
NJ,Cumberland,372
NJ,Essex,"1,077"
NJ,Gloucester,402
NJ,Hudson,745
NJ,Hunterdon,265
NJ,Mercer,749
NJ,Middlesex,"1,530"
NJ,Monmouth,"1,318"
NJ,Morris,694
NJ,Ocean,"1,104"
NJ,Passaic,724
NJ,Salem,111
NJ,Somerset,620
NJ,Sussex,111
NJ,Union,804
NJ,Warren,194
NM,Bernalillo,982
NM,Catron,12
NM,Chaves,104
NM,Cibola,11
NM,Colfax,1
NM,Curry,94
NM,De Baca,4
NM,Dona Ana,557
NM,Eddy,135
NM,Grant,17
NM,Guadalupe,4
NM,Hidalgo,11
NM,Lea,96
NM,Lincoln,3
NM,Los Alamos,6
NM,Luna,106
NM,Mckinley,67
NM,Mora,1
NM,Otero,60
NM,Quay,1
NM,Rio Arriba,83
NM,Roosevelt,5
NM,San Juan,89
NM,San Miguel,14
NM,Sandoval,191
NM,Santa Fe,142
NM,Sierra,48
NM,Socorro,3
NM,Taos,21
NM,Torrance,4
NM,Valencia,132
NV,Carson City,75
NV,Churchill,22
NV,Clark,"4,991"
NV,Douglas,69
NV,Elko,31
NV,Humboldt,0
NV,Lander,1
NV,Lincoln,3
NV,Lyon,21
NV,Mineral,1
NV,Nye,24
NV,Pershing,3
NV,Storey,0
NV,Washoe,671
NY,Albany,481
NY,Allegany,10
NY,Bergen,0
NY,Bronx,"1,536"
NY,Broome,97
NY,Cattaraugus,49
NY,Cayuga,79
NY,Chautauqua,57
NY,Chemung,19
NY,Chenango,5
NY,Clinton,55
NY,Columbia,58
NY,Cortland,23
NY,Delaware,4
NY,Dutchess,443
NY,Erie,"1,716"
NY,Essex,6
NY,Franklin,17
NY,Fulton,17
NY,Genesee,47
NY,Greene,15
NY,Herkimer,9
NY,Jefferson,169
NY,Kings,"2,382"
NY,Lewis,10
NY,Livingston,44
NY,Madison,14
NY,Monroe,920
NY,Montgomery,37
NY,Nassau,"1,951"
NY,New York,"2,596"
NY,Niagara,195
NY,Oneida,135
NY,Onondaga,288
NY,Ontario,74
NY,Orange,649
NY,Orleans,17
NY,Oswego,77
NY,Otsego,20
NY,Putnam,121
NY,Queens,"2,501"
NY,Rensselaer,120
NY,Richmond,454
NY,Rockland,389
NY,Saint Lawrence,10
NY,Saratoga,212
NY,Schenectady,126
NY,Schoharie,6
NY,Schuyler,3
NY,Seneca,19
NY,Steuben,27
NY,Suffolk,"1,933"
NY,Sullivan,60
NY,Tioga,7
NY,Tompkins,33
NY,Ulster,200
NY,Warren,139
NY,Washington,50
NY,Wayne,41
NY,Westchester,"1,114"
NY,Wyoming,19
NY,Yates,39
OH,Adams,19
OH,Allen,51
OH,Ashland,35
OH,Ashtabula,57
OH,Athens,3
OH,Auglaize,2
OH,Belmont,41
OH,Brown,15
OH,Butler,283
OH,Carroll,6
OH,Champaign,29
OH,Clark,154
OH,Clermont,171
OH,Clinton,10
OH,Columbiana,41
OH,Coshocton,19
OH,Crawford,18
OH,Cuyahoga,"2,928"
OH,Darke,33
OH,Defiance,26
OH,Delaware,214
OH,Erie,85
OH,Fairfield,150
OH,Fayette,23
OH,Franklin,"1,639"
OH,Fulton,30
OH,Gallia,0
OH,Geauga,65
OH,Greene,111
OH,Guernsey,5
OH,Hamilton,"1,158"
OH,Hancock,51
OH,Hardin,21
OH,Harrison,1
OH,Henry,12
OH,Highland,9
OH,Hocking,23
OH,Holmes,3
OH,Huron,12
OH,Jackson,18
OH,Jefferson,48
OH,Knox,31
OH,Lake,439
OH,Lawrence,21
OH,Licking,148
OH,Logan,25
OH,Lorain,414
OH,Lucas,612
OH,Madison,33
OH,Mahoning,429
OH,Marion,80
OH,Medina,192
OH,Meigs,8
OH,Mercer,0
OH,Miami,89
OH,Monroe,0
OH,Montgomery,598
OH,Morgan,12
OH,Morrow,10
OH,Muskingum,87
OH,Noble,1
OH,Ottawa,6
OH,Paulding,2
OH,Perry,8
OH,Pickaway,43
OH,Pike,7
OH,Portage,198
OH,Preble,13
OH,Putnam,5
OH,Richland,104
OH,Ross,67
OH,Sandusky,18
OH,Scioto,12
OH,Seneca,15
OH,Shelby,10
OH,Stark,542
OH,Summit,888
OH,Trumbull,204
OH,Tuscarawas,61
OH,Union,24
OH,Van Wert,0
OH,Vinton,6
OH,Warren,107
OH,Washington,24
OH,Wayne,29
OH,Williams,27
OH,Wood,119
OH,Wyandot,5
OK,Adair,8
OK,Alfalfa,1
OK,Atoka,2
OK,Beaver,1
OK,Beckham,2
OK,Blaine,2
OK,Bryan,32
OK,Caddo,13
OK,Canadian,125
OK,Carter,41
OK,Cherokee,25
OK,Choctaw,1
OK,Cleveland,344
OK,Coal,0
OK,Comanche,90
OK,Craig,6
OK,Creek,48
OK,Custer,32
OK,Delaware,11
OK,Dewey,1
OK,Ellis,0
OK,Garfield,87
OK,Garvin,2
OK,Grady,20
OK,Grant,0
OK,Greer,0
OK,Harmon,1
OK,Haskell,3
OK,Hughes,5
OK,Jackson,4
OK,Johnston,19
OK,Kay,21
OK,Kingfisher,3
OK,Latimer,0
OK,Le Flore,3
OK,Lincoln,10
OK,Logan,11
OK,Love,1
OK,Major,1
OK,Marshall,0
OK,Mayes,23
OK,Mcclain,23
OK,Mccurtain,0
OK,Mcintosh,9
OK,Murray,3
OK,Muskogee,77
OK,Noble,2
OK,Nowata,20
OK,Okfuskee,1
OK,Oklahoma,"1,244"
OK,Okmulgee,30
OK,Osage,22
OK,Ottawa,8
OK,Pawnee,4
OK,Payne,126
OK,Pittsburg,27
OK,Pontotoc,47
OK,Pottawatomie,78
OK,Pushmataha,2
OK,Rogers,52
OK,Seminole,7
OK,Sequoyah,16
OK,Stephens,33
OK,Texas,5
OK,Tillman,20
OK,Tulsa,875
OK,Wagoner,17
OK,Washington,53
OK,Washita,1
OK,Woods,0
OK,Woodward,2
OR,Baker,4
OR,Benton,53
OR,Clackamas,357
OR,Clatsop,29
OR,Columbia,19
OR,Coos,84
OR,Crook,28
OR,Curry,49
OR,Deschutes,125
OR,Douglas,150
OR,Grant,50
OR,Hood River,29
OR,Jackson,152
OR,Jefferson,31
OR,Josephine,56
OR,Klamath,71
OR,Lake,25
OR,Lane,322
OR,Lincoln,41
OR,Linn,96
OR,Malheur,18
OR,Marion,260
OR,Morrow,50
OR,Multnomah,706
OR,Polk,36
OR,Tillamook,1
OR,Umatilla,68
OR,Union,5
OR,Wallowa,2
OR,Wasco,23
OR,Washington,636
OR,Yamhill,71
PA,Adams,29
PA,Allegheny,"2,535"
PA,Armstrong,49
PA,Beaver,315
PA,Bedford,31
PA,Berks,762
PA,Blair,88
PA,Bradford,4
PA,Bucks,"1,553"
PA,Butler,531
PA,Cambria,190
PA,Cameron,3
PA,Carbon,24
PA,Centre,81
PA,Chester,724
PA,Clarion,21
PA,Clearfield,34
PA,Clinton,5
PA,Columbia,22
PA,Crawford,67
PA,Cumberland,167
PA,Dauphin,376
PA,Delaware,"1,388"
PA,Elk,16
PA,Erie,248
PA,Fayette,105
PA,Franklin,74
PA,Fulton,1
PA,Greene,50
PA,Huntingdon,8
PA,Indiana,159
PA,Jefferson,19
PA,Juniata,2
PA,Lackawanna,247
PA,Lancaster,737
PA,Lawrence,112
PA,Lebanon,63
PA,Lehigh,809
PA,Luzerne,329
PA,Lycoming,76
PA,Mckean,10
PA,Mercer,109
PA,Mifflin,11
PA,Monroe,199
PA,Montgomery,"2,220"
PA,Montour,30
PA,Northampton,372
PA,Northumberland,20
PA,Perry,3
PA,Philadelphia,"3,976"
PA,Pike,38
PA,Potter,0
PA,Schuylkill,76
PA,Snyder,28
PA,Somerset,48
PA,Sullivan,8
PA,Susquehanna,9
PA,Tioga,1
PA,Union,13
PA,Venango,36
PA,Warren,5
PA,Washington,362
PA,Wayne,47
PA,Westmoreland,597
PA,Wyoming,12
PA,York,459
PR,Aguada,0
PR,Aguadilla,0
PR,Aguas Buenas,0
PR,Aibonito,0
PR,Anasco,0
PR,Arecibo,0
PR,Barceloneta,0
PR,Barranquitas,0
PR,Bayamon,0
PR,Cabo Rojo,0
PR,Caguas,0
PR,Camuy,0
PR,Canovanas,0
PR,Carolina,0
PR,Cayey,0
PR,Ceiba,0
PR,Ciales,0
PR,Cidra,0
PR,Coamo,0
PR,Corozal,0
PR,Dorado,0
PR,Fajardo,0
PR,Guanica,0
PR,Guayama,0
PR,Guaynabo,0
PR,Gurabo,0
PR,Hormigueros,0
PR,Humacao,0
PR,Isabela,0
PR,Juana Diaz,0
PR,Juncos,0
PR,Lajas,0
PR,Luquillo,0
PR,Manati,0
PR,Maricao,0
PR,Mayaguez,0
PR,Moca,0
PR,Morovis,0
PR,Naguabo,0
PR,Naranjito,0
PR,Orocovis,0
PR,Patillas,0
PR,Penuelas,0
PR,Ponce,0
PR,Quebradillas,0
PR,Rincon,0
PR,Rio Grande,0
PR,Sabana Grande,0
PR,Salinas,0
PR,San German,0
PR,San Juan,0
PR,San Lorenzo,0
PR,Toa Alta,0
PR,Toa Baja,0
PR,Utuado,0
PR,Vega Alta,0
PR,Vega Baja,0
PR,Villalba,0
PR,Yabucoa,0
PR,Yauco,0
RI,Bristol,16
RI,Kent,95
RI,Newport,57
RI,Providence,430
RI,Washington,97
SC,Aiken,45
SC,Allendale,2
SC,Anderson,171
SC,Barnwell,1
SC,Beaufort,105
SC,Berkeley,147
SC,Charleston,472
SC,Cherokee,14
SC,Chester,3
SC,Chesterfield,1
SC,Clarendon,18
SC,Colleton,30
SC,Darlington,4
SC,Dillon,3
SC,Dorchester,181
SC,Fairfield,9
SC,Florence,29
SC,Georgetown,28
SC,Greenville,585
SC,Greenwood,18
SC,Hampton,9
SC,Horry,160
SC,Jasper,18
SC,Kershaw,4
SC,Lancaster,35
SC,Laurens,5
SC,Lexington,202
SC,Marion,3
SC,Marlboro,2
SC,Mccormick,1
SC,Newberry,2
SC,Oconee,4
SC,Orangeburg,76
SC,Pickens,45
SC,Richland,282
SC,Saluda,14
SC,Spartanburg,248
SC,Sumter,88
SC,Union,21
SC,Williamsburg,1
SC,York,238
SD,Aurora,0
SD,Beadle,0
SD,Bennett,2
SD,Bon Homme,2
SD,Brookings,2
SD,Brown,7
SD,Charles Mix,2
SD,Clay,5
SD,Codington,1
SD,Custer,2
SD,Davison,2
SD,Fall River,0
SD,Hand,0
SD,Hughes,2
SD,Jerauld,2
SD,Jones,3
SD,Kingsbury,4
SD,Lake,4
SD,Lawrence,1
SD,Lincoln,6
SD,Mccook,1
SD,Meade,2
SD,Miner,1
SD,Minnehaha,41
SD,Pennington,13
SD,Perkins,0
SD,Potter,1
SD,Roberts,1
SD,Spink,0
SD,Tripp,1
SD,Turner,1
SD,Union,7
SD,Yankton,7
TN,Anderson,36
TN,Bedford,16
TN,Benton,6
TN,Bledsoe,1
TN,Blount,66
TN,Bradley,46
TN,Campbell,3
TN,Cannon,2
TN,Carroll,7
TN,Carter,6
TN,Cheatham,13
TN,Chester,2
TN,Claiborne,5
TN,Cocke,4
TN,Coffee,49
TN,Crockett,1
TN,Cumberland,17
TN,Davidson,920
TN,Decatur,6
TN,Dekalb,3
TN,Dickson,102
TN,Dyer,16
TN,Fayette,21
TN,Fentress,4
TN,Franklin,2
TN,Gibson,11
TN,Giles,12
TN,Grainger,1
TN,Greene,8
TN,Hamblen,54
TN,Hamilton,257
TN,Hancock,0
TN,Hardeman,4
TN,Hardin,2
TN,Hawkins,3
TN,Haywood,4
TN,Henderson,4
TN,Henry,15
TN,Hickman,8
TN,Humphreys,12
TN,Jefferson,4
TN,Johnson,0
TN,Knox,333
TN,Lauderdale,0
TN,Lawrence,16
TN,Lewis,2
TN,Lincoln,3
TN,Loudon,28
TN,Macon,3
TN,Madison,85
TN,Marion,5
TN,Marshall,23
TN,Maury,95
TN,Mcminn,12
TN,Mcnairy,3
TN,Monroe,12
TN,Montgomery,142
TN,Moore,2
TN,Morgan,2
TN,Obion,6
TN,Overton,5
TN,Perry,2
TN,Polk,20
TN,Putnam,86
TN,Rhea,3
TN,Roane,12
TN,Robertson,55
TN,Rutherford,493
TN,Scott,11
TN,Sequatchie,0
TN,Sevier,60
TN,Shelby,717
TN,Smith,3
TN,Stewart,5
TN,Sullivan,76
TN,Sumner,242
TN,Tipton,19
TN,Trousdale,4
TN,Unicoi,1
TN,Union,3
TN,Warren,3
TN,Washington,49
TN,Wayne,2
TN,Weakley,5
TN,White,8
TN,Williamson,492
TN,Wilson,219
TX,Anderson,23
TX,Andrews,17
TX,Angelina,79
TX,Aransas,20
TX,Atascosa,74
TX,Austin,19
TX,Bailey,1
TX,Bandera,3
TX,Bastrop,87
TX,Bee,13
TX,Bell,438
TX,Bexar,"3,769"
TX,Blanco,8
TX,Bosque,1
TX,Bowie,94
TX,Brazoria,562
TX,Brazos,150
TX,Brewster,0
TX,Brooks,1
TX,Brown,52
TX,Burnet,64
TX,Caldwell,85
TX,Calhoun,12
TX,Callahan,12
TX,Cameron,636
TX,Camp,1
TX,Cass,0
TX,Castro,3
TX,Chambers,10
TX,Cherokee,10
TX,Childress,1
TX,Collin,"2,211"
TX,Colorado,5
TX,Comal,243
TX,Comanche,6
TX,Concho,1
TX,Cooke,46
TX,Coryell,50
TX,Dallas,"8,625"
TX,Dawson,10
TX,De Witt,8
TX,Deaf Smith,2
TX,Delta,0
TX,Denton,"2,414"
TX,Dimmit,7
TX,Dona Ana,0
TX,Donley,1
TX,Duval,1
TX,Eastland,1
TX,Ector,254
TX,El Paso,771
TX,Ellis,279
TX,Erath,24
TX,Fannin,2
TX,Fayette,14
TX,Fort Bend,"1,379"
TX,Franklin,1
TX,Freestone,0
TX,Frio,14
TX,Galveston,362
TX,Garza,0
TX,Gillespie,7
TX,Gonzales,13
TX,Gray,1
TX,Grayson,197
TX,Gregg,145
TX,Grimes,7
TX,Guadalupe,305
TX,Hale,61
TX,Hamilton,1
TX,Hardin,12
TX,Harris,"11,151"
TX,Harrison,52
TX,Hays,272
TX,Henderson,15
TX,Hidalgo,899
TX,Hill,7
TX,Hockley,21
TX,Hood,115
TX,Hopkins,15
TX,Houston,11
TX,Howard,140
TX,Hunt,110
TX,Hutchinson,0
TX,Jack,1
TX,Jackson,7
TX,Jasper,18
TX,Jefferson,261
TX,Jim Hogg,6
TX,Jim Wells,20
TX,Johnson,209
TX,Jones,0
TX,Karnes,15
TX,Kaufman,266
TX,Kendall,64
TX,Kerr,23
TX,Kimble,2
TX,Kinney,6
TX,Kleberg,32
TX,La Salle,8
TX,Lamar,23
TX,Lampasas,2
TX,Lavaca,2
TX,Lee,1
TX,Leon,4
TX,Liberty,62
TX,Limestone,7
TX,Lubbock,419
TX,Madison,3
TX,Marion,0
TX,Matagorda,16
TX,Maverick,44
TX,Mcculloch,2
TX,Mclennan,302
TX,Medina,26
TX,Menard,1
TX,Midland,237
TX,Milam,5
TX,Montague,3
TX,Montgomery,884
TX,Moore,1
TX,Morris,1
TX,Nacogdoches,23
TX,Navarro,33
TX,Nolan,3
TX,Nueces,264
TX,Orange,24
TX,Palo Pinto,17
TX,Panola,0
TX,Parker,98
TX,Parmer,5
TX,Polk,60
TX,Potter,151
TX,Presidio,0
TX,Randall,115
TX,Real,0
TX,Robertson,0
TX,Rockwall,218
TX,Rusk,4
TX,San Augustine,2
TX,San Patricio,19
TX,San Saba,1
TX,Scurry,1
TX,Shackelford,6
TX,Shelby,12
TX,Smith,183
TX,Somervell,5
TX,Starr,99
TX,Stephens,7
TX,Tarrant,"5,915"
TX,Taylor,182
TX,Terry,2
TX,Titus,8
TX,Tom Green,54
TX,Travis,"2,175"
TX,Tyler,3
TX,Upshur,5
TX,Uvalde,9
TX,Val Verde,9
TX,Van Zandt,15
TX,Victoria,57
TX,Walker,57
TX,Waller,41
TX,Ward,9
TX,Washington,15
TX,Webb,305
TX,Wharton,10
TX,Wichita,97
TX,Wilbarger,1
TX,Willacy,31
TX,Williamson,872
TX,Wilson,31
TX,Winkler,1
TX,Wise,18
TX,Wood,6
TX,Young,1
TX,Zapata,5
TX,Zavala,7
UT,Beaver,3
UT,Box Elder,57
UT,Cache,177
UT,Carbon,20
UT,Davis,495
UT,Duchesne,5
UT,Emery,3
UT,Garfield,11
UT,Grand,2
UT,Iron,51
UT,Juab,10
UT,Kane,6
UT,Millard,16
UT,Morgan,9
UT,Rich,6
UT,Salt Lake,"1,838"
UT,San Juan,63
UT,Sanpete,17
UT,Sevier,19
UT,Summit,44
UT,Tooele,71
UT,Uintah,8
UT,Utah,851
UT,Wasatch,29
UT,Washington,151
UT,Wayne,12
UT,Weber,431
VA,Accomack,43
VA,Albemarle,90
VA,Alexandria City,181
VA,Amelia,2
VA,Amherst,6
VA,Appomattox,1
VA,Arlington,242
VA,Augusta,22
VA,Bath,0
VA,Bedford,11
VA,Bland,3
VA,Botetourt,2
VA,Bristol City,0
VA,Brunswick,3
VA,Buckingham,2
VA,Buena Vista City,3
VA,Campbell,1
VA,Caroline,11
VA,Carroll,1
VA,Charles City,1
VA,Charlotte,1
VA,Charlottesville City,0
VA,Chesapeake City,221
VA,Chesterfield,577
VA,Clarke,1
VA,Colonial Heights City,126
VA,Covington City,1
VA,Craig,3
VA,Culpeper,71
VA,Danville City,8
VA,Dickenson,2
VA,Dinwiddie,3
VA,Emporia City,2
VA,Essex,3
VA,Fairfax,0
VA,Fairfax City,"1,869"
VA,Falls Church City,47
VA,Fauquier,67
VA,Floyd,3
VA,Fluvanna,4
VA,Franklin,6
VA,Franklin City,1
VA,Frederick,18
VA,Fredericksburg City,96
VA,Giles,3
VA,Gloucester,31
VA,Goochland,3
VA,Greene,7
VA,Halifax,1
VA,Hampton City,214
VA,Hanover,187
VA,Harrisonburg City,41
VA,Henrico,532
VA,Henry,3
VA,Highland,4
VA,Hopewell City,27
VA,Isle Of Wight,12
VA,James City,93
VA,King George,9
VA,King William,0
VA,Lancaster,0
VA,Lee,0
VA,Lexington City,13
VA,Loudoun,475
VA,Louisa,12
VA,Lunenburg,8
VA,Lynchburg City,22
VA,Madison,3
VA,Manassas City,0
VA,Manassas Park City,131
VA,Martinsville City,0
VA,Mathews,2
VA,Mecklenburg,4
VA,Middlesex,3
VA,Montgomery,71
VA,Nelson,4
VA,New Kent,9
VA,Newport News City,258
VA,Norfolk City,249
VA,Northampton,27
VA,Northumberland,3
VA,Norton City,2
VA,Nottoway,10
VA,Orange,12
VA,Page,2
VA,Petersburg City,19
VA,Pittsylvania,62
VA,Poquoson City,16
VA,Portsmouth City,100
VA,Powhatan,63
VA,Prince Edward,1
VA,Prince George,22
VA,Prince William,738
VA,Pulaski,1
VA,Radford,0
VA,Radford City,1
VA,Rappahannock,1
VA,Richmond,0
VA,Richmond City,196
VA,Roanoke,22
VA,Roanoke City,62
VA,Rockbridge,0
VA,Rockingham,17
VA,Salem,0
VA,Salem City,2
VA,Scott,1
VA,Shenandoah,2
VA,Smyth,6
VA,Southampton,2
VA,Spotsylvania,248
VA,Stafford,178
VA,Staunton City,0
VA,Suffolk City,88
VA,Tazewell,4
VA,Virginia Beach City,698
VA,Warren,32
VA,Washington,2
VA,Waynesboro City,9
VA,Westmoreland,3
VA,Williamsburg City,0
VA,Winchester City,97
VA,Wise,2
VA,York,72
VI,Saint Croix,0
VI,Saint Thomas,0
VT,Addison,7
VT,Bennington,7
VT,Caledonia,0
VT,Chittenden,21
VT,Franklin,25
VT,Grand Isle,0
VT,Lamoille,12
VT,Orleans,6
VT,Rutland,14
VT,Washington,12
VT,Windham,19
VT,Windsor,0
WA,Adams,20
WA,Asotin,24
WA,Benton,93
WA,Chelan,17
WA,Clallam,41
WA,Clark,392
WA,Cowlitz,53
WA,Douglas,7
WA,Ferry,0
WA,Franklin,51
WA,Grant,62
WA,Grays Harbor,41
WA,Island,35
WA,Jefferson,6
WA,King,"2,299"
WA,Kitsap,133
WA,Kittitas,23
WA,Klickitat,1
WA,Lewis,39
WA,Lincoln,2
WA,Mason,20
WA,Okanogan,2
WA,Pacific,8
WA,Pend Oreille,3
WA,Pierce,861
WA,San Juan,1
WA,Skagit,84
WA,Skamania,1
WA,Snohomish,662
WA,Spokane,429
WA,Stevens,30
WA,Thurston,292
WA,Walla Walla,23
WA,Whatcom,122
WA,Whitman,4
WA,Yakima,118
WI,Adams,0
WI,Ashland,4
WI,Barron,12
WI,Bayfield,3
WI,Brown,374
WI,Buffalo,8
WI,Burnett,2
WI,Calumet,18
WI,Chippewa,35
WI,Clark,22
WI,Columbia,21
WI,Crawford,2
WI,Dane,837
WI,Dodge,7
WI,Door,18
WI,Douglas,13
WI,Dunn,20
WI,Eau Claire,87
WI,Fond Du Lac,120
WI,Forest,1
WI,Grant,8
WI,Green,8
WI,Green Lake,6
WI,Iowa,6
WI,Iron,4
WI,Jackson,0
WI,Jefferson,31
WI,Juneau,19
WI,Kenosha,217
WI,La Crosse,84
WI,Lafayette,2
WI,Langlade,0
WI,Lincoln,31
WI,Manitowoc,73
WI,Marathon,161
WI,Marinette,18
WI,Marquette,1
WI,Menominee,0
WI,Milwaukee,"1,774"
WI,Monroe,17
WI,Oconto,37
WI,Oneida,11
WI,Outagamie,348
WI,Ozaukee,91
WI,Pepin,7
WI,Pierce,17
WI,Polk,15
WI,Portage,80
WI,Racine,337
WI,Richland,0
WI,Rock,248
WI,Saint Croix,103
WI,Sauk,15
WI,Sawyer,5
WI,Shawano,41
WI,Sheboygan,71
WI,Taylor,7
WI,Trempealeau,3
WI,Vernon,16
WI,Vilas,2
WI,Walworth,43
WI,Washburn,2
WI,Washington,97
WI,Waukesha,"1,083"
WI,Waupaca,4
WI,Waushara,11
WI,Winnebago,61
WI,Wood,37
WV,Barbour,2
WV,Berkeley,17
WV,Boone,5
WV,Braxton,21
WV,Brooke,4
WV,Cabell,122
WV,Calhoun,2
WV,Clay,6
WV,Doddridge,2
WV,Fayette,24
WV,Gilmer,5
WV,Grant,4
WV,Greenbrier,5
WV,Hampshire,3
WV,Hancock,20
WV,Hardy,10
WV,Harrison,64
WV,Jackson,9
WV,Jefferson,9
WV,Kanawha,135
WV,Lewis,10
WV,Lincoln,31
WV,Logan,13
WV,Marion,14
WV,Marshall,2
WV,Mason,14
WV,Mcdowell,4
WV,Mercer,10
WV,Mineral,8
WV,Mingo,6
WV,Monongalia,42
WV,Monroe,2
WV,Morgan,1
WV,Nicholas,8
WV,Ohio,30
WV,Pendleton,2
WV,Pleasants,1
WV,Pocahontas,14
WV,Preston,10
WV,Putnam,71
WV,Raleigh,25
WV,Randolph,3
WV,Ritchie,2
WV,Summers,1
WV,Taylor,3
WV,Tucker,3
WV,Upshur,16
WV,Wayne,58
WV,Webster,1
WV,Wetzel,1
WV,Wirt,1
WV,Wood,45
WV,Wyoming,1
WY,Albany,3
WY,Big Horn,1
WY,Campbell,0
WY,Carbon,2
WY,Converse,0
WY,Fremont,2
WY,Johnson,0
WY,Laramie,18
WY,Lincoln,7
WY,Natrona,9
WY,Park,7
WY,Sheridan,3
WY,Sublette,1
WY,Sweetwater,8
WY,Teton,8
WY,Uinta,14
Total,,"413,344"